<Schema name="New Schema1">
  <Dimension type="TimeDimension" visible="true" name="date">
    <Hierarchy name="jours" visible="true" hasAll="true" primaryKey="date_arrv_jour">
      <Table name="date">
      </Table>
      <Level name="mois" visible="true" column="date_arrv_mois" uniqueMembers="false">
      </Level>
      <Level name="annee" visible="true" column="date_arrv_annee" uniqueMembers="false">
      </Level>
    </Hierarchy>
  </Dimension>
  <Dimension type="StandardDimension" visible="true" name="clients">
    <Hierarchy name="clients" visible="true" hasAll="true" primaryKey="id_client">
      <Table name="clients" alias="">
      </Table>
      <Level name="nom" visible="true" column="nom" uniqueMembers="false">
      </Level>
      <Level name="prenom" visible="true" column="prenom" uniqueMembers="false">
      </Level>
      <Level name="categorie" visible="true" column="categorie" uniqueMembers="false">
      </Level>
      <Level name="entreprise" visible="true" column="entreprise" uniqueMembers="false">
      </Level>
      <Level name="pays" visible="true" column="pays" uniqueMembers="false">
      </Level>
    </Hierarchy>
  </Dimension>
  <Dimension type="StandardDimension" visible="true" name="chambre">
    <Hierarchy name="chambre" visible="true" hasAll="true" primaryKey="id_chambre">
      <Table name="chambre" alias="">
      </Table>
      <Level name="type_chambre" visible="true" column="type_chambre" uniqueMembers="false">
      </Level>
      <Level name="nom_hotel" visible="true" column="nom_hotel" uniqueMembers="false">
      </Level>
    </Hierarchy>
  </Dimension>
  <Dimension type="StandardDimension" visible="true" name="parking">
    <Hierarchy name="parking" visible="true" hasAll="true" primaryKey="id_parking">
      <Table name="parking" alias="">
      </Table>
      <Level name="nbr_places" visible="true" column="nbr_places" uniqueMembers="false">
      </Level>
    </Hierarchy>
  </Dimension>
  <Cube name="cube" visible="true" cache="true" enabled="true">
    <Table name="reservation" alias="">
    </Table>
    <DimensionUsage source="clients" name="clients" visible="true" foreignKey="id_client">
    </DimensionUsage>
    <DimensionUsage source="parking" name="parking" visible="true" foreignKey="id_parking">
    </DimensionUsage>
    <DimensionUsage source="chambre" name="chambre" visible="true" foreignKey="id_chambre">
    </DimensionUsage>
    <DimensionUsage source="date" name="date" visible="true" foreignKey="id_date">
    </DimensionUsage>
    <Measure name="montant" column="montant" datatype="Numeric" aggregator="sum" visible="true">
    </Measure>
    <Measure name="nbr_nuits" column="nbr_nuits" datatype="Integer" aggregator="sum" visible="true">
    </Measure>
    <Measure name="est_annule" column="est_annule" datatype="Integer" aggregator="distinct-count" visible="false">
    </Measure>
  </Cube>
</Schema>
